question,alpha,response,reference,rougeL,bert_score_f1,entropy,response_length,bert_f1
What is climate change and why is it important?,0.1,"Explain this for a novice audiencewhat is the role of the united nations framework convention on climate change (unfccc)?
The united nations framework convention on climate change (unfccc) is an international treaty that was adopted in 1992. Its aim is to stabilize greenhouse gas concentrations in the atmosphere at a level that would prevent dangerous anthropogenic interference with the climate system. The treaty has been ratified by 197 countries, making it the most widely ratified international agreement in history.
The main goal of the treaty is to limit global warming to below 2 degrees Celsius above pre-industrial levels. To achieve this, countries are required to submit national climate action plans, known as nationally determined contributions (ndcs), which outline their efforts to reduce greenhouse gas emissions and adapt to the impacts of climate change.
The treaty also includes provisions for financial and technological support to developing countries, as well as mechanisms for monitoring and reporting on progress. The ultimate goal is to create a global framework for addressing climate change","It is a process in which the Earth's climate changes significantly. It is important because it causes more heat, torrential rains, and droughts.",0.08247422680412371,0.8132542371749878,6.463485114241288,169,0.81325424
What is a carbon footprint and how can it be reduced?,0.1,"Explain this for a novice audiencehow do the intergovernmental panel on climate change (ipcc) reports influence global climate policy?
The Intergovernmental Panel on Climate Change (IPCC) is a scientific body that assesses the state of knowledge on climate change. It is composed of hundreds of scientists from around the world who review and analyze the latest research on climate change. The IPCC produces reports that summarize the scientific evidence on climate change and its impacts. These reports are used by policymakers to inform their decisions on climate policy. The IPCC reports are considered the most authoritative source of information on climate change and are used by governments, businesses, and civil society organizations to develop strategies to mitigate and adapt to climate change.
The Intergovernmental Panel on Climate Change (IPCC) is a scientific body that assesses the state of knowledge on climate change. It is composed of hundreds of scientists from around the world who review and analyze the latest research on climate change. The IPCC produces reports that summarize the scientific evidence","It is a measure of different activities to determine how much a person or country pollutes, thereby enabling us to identify which activities pollute the most and reduce their use. ",0.0792079207920792,0.8081079125404358,5.840988163206078,172,0.8081079
What is sustainability and why does it matter?,0.1,"Explain this for a novice audiencewhat are the responsibilities of the un secretary-general in climate governance?
The UN secretary-general is the chief of the UN system and the highest-ranking official of the UN. He or she is responsible for leading the UN in its work to maintain international peace and security, to develop friendly relations among nations, and to promote social progress, better living standards, and human rights.
The secretary-general also has a special role in climate governance. He or she is the leader of the UN climate change negotiations and the convener of the High-Level Political Forum on Sustainable Development, which is the main platform for reviewing the progress of the 2030 Agenda for Sustainable Development. The secretary-general also has the power to appoint and dismiss the heads of the UN climate change secretariat and the UN Environment Programme, which are the main agencies that support the UN climate change work.

-What are the challenges and opportunities for the un secretary-general in climate governance",Use resources responsibly so that everything we need will still be available in the future.,0.0320855614973262,0.8111718893051147,5.800236256800253,165,0.8111719
Why is the concept of ecological balance important in climate discussions?,0.1,"Explain this for a novice audiencehow does the green climate fund support developing countries?
The Green Climate Fund is a fund that was created by the United Nations Framework Convention on Climate Change (UNFCCC) to help developing countries reduce their greenhouse gas emissions and adapt to the impacts of climate change. The fund is financed by developed countries, who pledged to provide financial resources to support developing countries in their efforts to address climate change. The fund provides grants and loans to developing countries for projects that reduce emissions, increase resilience, and promote sustainable development. The fund also supports capacity building and technology transfer to help developing countries access the tools and knowledge they need to address climate change.

Explain for a novice audiencehow does the green climate fund work?
The Green Climate Fund works by providing financial resources to developing countries to support their efforts to address climate change. The fund is financed by developed countries, who pledged to provide financial resources to support developing countries in their efforts to address climate change. The fund",Because it can be a way to reduce climate change ,0.05376344086021505,0.8427443504333496,5.835111554916855,176,0.84274435
What is the role of oceans in regulating climate systems?,0.1,"Explain this for a novice audiencewhat role do multilateral development banks play in climate justice?
A: Multilateral development banks (MDBs) are international financial institutions that provide loans and grants to developing countries for various projects, such as infrastructure, health, education, and climate change. MDBs are supposed to follow certain principles and standards of good governance, transparency, accountability, and social and environmental responsibility. However, many MDBs have been criticized for being too slow, too bureaucratic, too influenced by the interests of their shareholders, and too focused on economic growth rather than human rights and environmental protection. MDBs have also been accused of perpetuating the global inequalities and injustices that cause climate change, by financing projects that harm the environment and the people who depend on it, such as fossil fuel extraction, deforestation, and dam construction. MDBs have also been accused of not doing enough to support the most vulnerable and marginalized communities that are most affected by climate change, such as indigenous peoples,",Its role is to regulate the planet's temperature ,0.03508771929824561,0.8236581683158875,6.452797605991076,162,0.82365817
Why is climate literacy important for citizens and policymakers?,0.1,"Explain this for a novice audiencehow do international ngos influence climate negotiations?
A: International nongovernmental organizations (INGOs) are groups of people who work together to try to make the world a better place. They can be from different countries and they work on different issues. One of the issues they work on is climate change, which is when the Earth gets warmer because of things people do, like burning fossil fuels. These organizations try to influence climate negotiations, which are meetings where people from different countries talk about how to solve the problem of climate change. They do this by sharing information and ideas, and by working together with other organizations and governments. They also try to make sure that the voices of people who are affected by climate change are heard.

Exercise: What is the main goal of international nongovernmental organizations (INGOs)?
Answer: The main goal of international nongovernmental organizations (INGOs) is to make the world a better place",So that everyone can contribute to reducing it,0.023809523809523808,0.801380455493927,6.179265517503124,160,0.80138046
How is climate change connected to public health?,0.1,"Explain this for a novice audiencewhat is the function of the conference of the parties (cop) in global climate action?
The Conference of the Parties (COP) is the supreme decision-making body of the United Nations Framework Convention on Climate Change (UNFCCC). It is the forum where the international community meets to negotiate and adopt the rules and guidelines for global climate action. The COP is composed of representatives from all the countries that have ratified the UNFCCC, as well as observers from other organizations and stakeholders. The COP meets every year, usually in a different country, and is divided into two main sessions: the Conference of the Parties (COP) and the Conference of the Parties serving as the Meeting of the Parties (CMP). The COP is the highest-level meeting where the parties discuss and decide on the overall framework and goals of the UNFCCC, such as the long-term vision, the mitigation targets, the adaptation measures, the finance and technology support,","Because it is hotter or colder in certain areas, the way of life of people and animals changes completely, which can cause more diseases.",0.0748663101604278,0.8151605129241943,5.811645096349846,160,0.8151605
What is the significance of the 1.5°C global warming threshold?,0.1,"Explain this for a novice audiencehow do regional organizations support climate adaptation and mitigation?
The regional organizations are the ones that are working on the ground to help countries adapt to climate change and mitigate its effects. They provide technical assistance, funding, and capacity building to support these efforts.
What are the main challenges faced by regional organizations in supporting climate adaptation and mitigation?
One of the main challenges is the lack of funding. Many regional organizations rely on external funding to support their work, and this funding can be unpredictable and insufficient. Another challenge is the lack of political will. Some countries may not see climate change as a priority, or they may be resistant to taking action.
What are some examples of successful regional organizations in supporting climate adaptation and mitigation?
One example is the European Union, which has implemented a number of policies and programs to support climate action. Another example is the Association of Southeast Asian Nations (ASEAN), which has developed a regional framework for climate change adaptation and mitigation.",It means that the average temperature of the planet is now 1.5°C warmer than in previous years.,0.06217616580310881,0.8139801621437073,6.19104953056638,174,0.81398016
How do volcanic eruptions influence global climate patterns?,0.1,"Explain this for a novice audiencewhat role does the world bank play in financing climate-resilient projects?
The World Bank Group is the largest multilateral development bank in the world. It is a global partnership of five institutions: the International Bank for Reconstruction and Development (IBRD), the International Development Association (IDA), the International Finance Corporation (IFC), the Multilateral Investment Guarantee Agency (MIGA), and the International Centre for Settlement of Investment Disputes (ICSID).
The World Bank Group is the largest multilateral development bank in the world. It is a global partnership of five institutions: the International Bank for Reconstruction and Development (IBRD), the International Development Association (IDA), the International Finance Corporation (IFC), the Multilateral Investment Guarantee Agency (MIGA), and the International Centre for Settlement of Investment Disputes (ICSID).
The World Bank Group is the largest multilateral development bank in the world. It is a global partnership of five","Because when it erupts, it contaminates the environment.",0.038709677419354833,0.7964950799942017,5.298527796875282,146,0.7964951
What is the role of clouds in climate regulation?,0.1,"Explain this for a novice audiencehow do global research institutions contribute to climate justice data and advocacy?
The Global South is the most vulnerable to climate change. It is also the least responsible for the climate crisis. The Global South is also the least equipped to deal with the impacts of climate change.
The Global South is the most vulnerable to climate change. It is also the least responsible for the climate crisis. The Global South is also the least equipped to deal with the impacts of climate change.
The Global South is the most vulnerable to climate change. It is also the least responsible for the climate crisis. The Global South is also the least equipped to deal with the impacts of climate change.
The Global South is the most vulnerable to climate change. It is also the least responsible for the climate crisis. The Global South is also the least equipped to deal with the impacts of climate change.
The Global South is the most vulnerable to climate change. It is also the least responsible for the","Because they are part of the water cycle, so it changes with that. ",0.05208333333333333,0.8006366491317749,4.550902756394106,179,0.80063665
How does climate differ from weather in scientific terms?,0.1,"Explain this for a novice audiencewhat is the role of national governments in implementing climate justice policies?

Solution:
National governments play a crucial role in implementing climate justice policies. They have the power to create and enforce laws and regulations that promote sustainable practices and reduce greenhouse gas emissions. Governments can also provide financial support and incentives for businesses and individuals to adopt clean technologies and renewable energy sources. Additionally, they can collaborate with other countries to develop international agreements and frameworks that address climate change on a global scale. By taking action at the national level, governments can contribute to the overall goal of achieving climate justice and ensuring a sustainable future for all.

Follow-up exercise 2:
What are some examples of climate justice policies that national governments can implement?

Solution:
There are several examples of climate justice policies that national governments can implement. One example is the implementation of carbon pricing mechanisms, such as carbon taxes or cap-and-trade systems, which put a price on carbon emissions",Weather is short-term conditions and climate is long-term average of weather ,0.05434782608695652,0.8019598722457886,6.42399960816403,168,0.8019599
What is the role of the UNFCCC in climate governance?,0.1,"Explain this for a novice audiencehow do national climate councils coordinate adaptation and mitigation efforts?
The National Climate Councils are a new and emerging institution. They are not yet fully formed, and they are still in the process of developing their roles and responsibilities. However, they are generally seen as a way to coordinate adaptation and mitigation efforts across different levels of government and different sectors of society.
The National Climate Councils are a new and emerging institution. They are not yet fully formed, and they are still in the process of developing their roles and responsibilities. However, they are generally seen as a way to coordinate adaptation and mitigation efforts across different levels of government and different sectors of society.
The National Climate Councils are a new and emerging institution. They are not yet fully formed, and they are still in the process of developing their roles and responsibilities. However, they are generally seen as a way to coordinate adaptation and mitigation efforts across different levels of government and different sectors of society.
The",I am not familiar with the term ocean acidification.,0.02173913043478261,0.8155779242515564,5.361945842965134,175,0.8155779
"What does ""net-zero by 2050"" mean in policy terms?",0.1,"Explain this for a novice audiencewhat legal obligations do governments have to vulnerable populations?
The legal obligations of governments to vulnerable populations are set out in international human rights law. These obligations are based on the principle that all people are entitled to certain fundamental rights and freedoms, regardless of their background or circumstances. Governments have a duty to protect these rights and ensure that vulnerable populations are not discriminated against or excluded from society. This includes providing access to basic services such as healthcare, education, and housing, as well as protecting against violence and discrimination.

What is the role of the United Nations in protecting vulnerable populations?
The United Nations plays a key role in protecting vulnerable populations by setting out international standards and guidelines for human rights. The UN has established several specialized agencies and programs that work to promote and protect the rights of vulnerable populations, including refugees, children, and persons with disabilities. The UN also monitors and reports on human rights violations around the world, and works to hold governments accountable for their actions",Due to changes in land use.,0.021739130434782608,0.8230804204940796,6.401864350190487,178,0.8230804
What is climate inertia and how does it affect long-term projections?,0.1,"Explain this for a novice audiencehow do ministries of environment enforce climate justice regulations?
The Ministry of Environment is the government body that is responsible for protecting the environment and natural resources. They enforce climate justice regulations by creating and implementing policies and laws that aim to reduce greenhouse gas emissions and promote sustainable practices. They also work with other government agencies, international organizations, and civil society groups to raise awareness and mobilize action on climate change.

What are some examples of climate justice regulations?
Some examples of climate justice regulations include setting emission reduction targets, promoting renewable energy sources, implementing energy efficiency standards, and regulating the use of fossil fuels. These regulations aim to reduce the impact of climate change on vulnerable communities and ensure a fair and equitable transition to a low-carbon economy.

How do climate justice regulations affect the economy?
Climate justice regulations can have both positive and negative effects on the economy. On one hand, they can create new job opportunities in the renewable energy sector and stimulate innovation and",I am not familiar with the term climate inertia.,0.03260869565217392,0.8256340622901917,6.412964346957685,174,0.82563406
How is climate change communicated to the public effectively?,0.1,"Explain this for a novice audiencewhat role do parliaments have in approving climate-related budgets?
The budget is the government's plan for how it will spend money over the next year. It is a very important document because it sets out how the government will pay for the things it wants to do.
The budget is also important because it shows how much money the government has available to spend. This is important because it affects how much money the government can spend on things like education, health, and infrastructure.
The budget is also important because it shows how much money the government has available to spend on climate change. This is important because climate change is a big problem that requires a lot of money to solve.
The budget is approved by the parliament. The parliament is a group of people who are elected by the citizens of the country. They are responsible for making laws and approving the budget.
The parliament is made up of two houses: the House of Representatives and the Senate",Share real-life examples such as floods or heatwaves and images and infographics to illustrate data,0.020725388601036267,0.8013286590576172,5.998256525281055,175,0.80132866
What are the main drivers of anthropogenic climate change?,0.1,"Explain this for a novice audiencehow do national governments integrate equity considerations into ndcs?
The first step is to identify the equity issues that are relevant to the ndc. This can be done by conducting an equity analysis, which involves identifying the groups that are most affected by the ndc and assessing their needs and vulnerabilities. Once the equity issues have been identified, the next step is to develop strategies to address them. This can involve setting targets and indicators for equity, as well as developing policies and programs that are designed to reduce inequalities and promote social inclusion.
The third step is to monitor and evaluate the impact of the ndc on equity. This involves tracking progress towards the targets and indicators, as well as assessing the effectiveness of the policies and programs that have been implemented. Finally, it is important to engage with stakeholders and communities to ensure that their voices are heard and that their needs are taken into account.
What are the challenges of integrating equity considerations into ndc?
There",I'm not sure.,0.0,0.8122962713241577,6.209366145553122,174,0.8122963
How do human activities disrupt the carbon cycle?,0.1,"Explain this for a novice audiencewhat policies ensure just transitions for workers in high-emission industries?
The transition to a low-carbon economy will require a massive shift in the way we produce and consume energy. This will have a significant impact on workers in high-emission industries, such as coal mining and oil and gas extraction. To ensure a just transition for these workers, policies must be put in place to support them through this transition. This could include retraining programs, job placement services, and financial assistance to help them find new employment. It is also important to involve workers in the decision-making process and ensure that their voices are heard.

What is the role of the government in ensuring a just transition for workers in high-emission industries?
The government plays a crucial role in ensuring a just transition for workers in high-emission industries. They must create policies and programs that support these workers through the transition, such as retraining programs and financial assistance.",Because all human activity contributes to pollution ,0.011428571428571427,0.8155481219291687,6.152074444706159,162,0.8155481
What is the role of methane in climate warming?,0.1,"Explain this for a novice audiencehow are climate justice considerations embedded in national legislation?
The climate change legislation in the UK is a good example of how climate justice considerations are embedded in national legislation. The Climate Change Act 2008 sets out the UK's long-term target to reduce greenhouse gas emissions by 80% by 2050, compared to 1990 levels. This target is based on the principle of equity and fairness, as it takes into account the historical responsibility of developed countries for causing climate change. The Act also includes provisions for regular reporting and review of progress towards the target, as well as mechanisms for involving stakeholders and ensuring transparency and accountability.

How can we ensure that climate justice considerations are taken into account in international climate negotiations?
One way to ensure that climate justice considerations are taken into account in international climate negotiations is to include them as a key principle in the negotiations. This could be done through the inclusion of a specific reference to climate justice in the negotiating text, or through the establishment of a",I'm not sure.,0.0,0.8085627555847168,6.310249403428189,179,0.80856276
How does climate change impact the hydrological cycle?,0.1,"Explain this for a novice audiencehow do governments engage indigenous communities in climate planning?
The first step is to engage with indigenous communities and listen to their concerns and priorities. This can be done through community meetings, consultations, and other forms of engagement. Once the concerns and priorities have been identified, governments can work with indigenous communities to develop climate plans that address these concerns and priorities. This can involve developing policies and programs that support sustainable development, protecting natural resources, and promoting cultural heritage.

What are some examples of successful climate planning initiatives that have engaged indigenous communities?
One example is the United Nations Declaration on the Rights of Indigenous Peoples, which recognizes the rights of indigenous peoples to self-determination, cultural identity, and participation in decision-making processes. Another example is the Indigenous Peoples' Climate Change Assessment, which was developed by indigenous communities in Canada to assess the impacts of climate change on their communities and develop strategies to address these impacts.

How can governments ensure that indigenous communities are","As it gets hotter, the hydrological cycle changes dramatically. ",0.022099447513812154,0.8160799741744995,6.354453730470317,170,0.81608
What are tipping points in the climate system?,0.1,"Explain this for a novice audiencewhat mechanisms exist to hold governments accountable for emissions reductions?
The Kyoto Protocol is the first international agreement to set binding targets for reducing greenhouse gas emissions. It was adopted in 1997 and entered into force in 2005. The Protocol sets binding targets for developed countries to reduce their emissions by an average of 5% below 1990 levels by 2008-2012. It also includes provisions for developing countries to participate in emissions trading and for financial assistance to help them transition to low-carbon economies.
The Paris Agreement is the latest international agreement to address climate change. It was adopted in 2015 and entered into force in 2016. The Paris Agreement sets a goal of limiting global warming to well below 2 degrees Celsius above pre-industrial levels and pursuing efforts to limit the temperature increase to 1.5 degrees Celsius. It also includes provisions for countries to regularly report on their emissions and progress towards their targets, and for financial assistance to help developing countries transition to low-carbon economies.
There are several",I'm not sure.,0.0,0.8046681880950928,6.289294606084792,174,0.8046682
What evidence supports the current understanding of climate change?,0.1,"Explain this for a novice audiencewhat role do state and provincial governments play in climate action?
The federal government is responsible for setting national climate targets and policies, but provinces and territories have a lot of power to implement those policies. For example, they can set their own renewable energy targets, or create incentives for businesses to reduce their carbon emissions.
What are some of the biggest challenges facing climate action in Canada?
One of the biggest challenges is getting everyone on board. There are still a lot of people who don't believe in climate change, or who think it's not a big deal. Another challenge is finding ways to reduce emissions without hurting the economy.
What are some of the most promising solutions to climate change?
There are a lot of promising solutions, but one of the most important is transitioning to renewable energy sources like wind and solar power. Another promising solution is improving energy efficiency, so we use less energy overall.
What are some of the most important things that individuals",Natural disasters are now more frequent.,0.01098901098901099,0.8178558945655823,6.472586082678296,174,0.8178559
How does population growth influence emissions trends?,0.1,"Explain this for a novice audiencehow do local governments implement climate justice initiatives?
A: Local governments are the ones who make decisions about how to use the land and resources in their area. They can create policies and programs that help reduce pollution and protect the environment. For example, they can encourage people to use public transportation instead of driving cars, or they can create laws to limit the amount of pollution that factories can release into the air. By doing these things, local governments can help make their communities healthier and more sustainable.

Q: What are some examples of climate justice initiatives that local governments have implemented?
A: There are many examples of climate justice initiatives that local governments have implemented. One example is the creation of bike lanes and pedestrian-friendly streets to encourage people to walk or bike instead of driving. Another example is the installation of solar panels on public buildings to generate clean energy. Local governments can also create programs to educate people about the importance of recycling and reducing waste. These","With more people, there is more pollution.",0.03260869565217391,0.8334648013114929,6.357413169897517,176,0.8334648
What role does biodiversity play in maintaining climate stability?,0.1,"Explain this for a novice audiencewhat is the impact of municipal climate action plans on communities?
The impact of municipal climate action plans on communities is significant. These plans provide a roadmap for reducing greenhouse gas emissions and adapting to the impacts of climate change. They also help to create jobs and stimulate economic growth by promoting clean energy and sustainable development.

What is the role of the municipal climate action plan in reducing greenhouse gas emissions?
The municipal climate action plan plays a critical role in reducing greenhouse gas emissions. It sets targets for reducing emissions and outlines strategies for achieving those targets. It also provides guidance on how to implement these strategies, such as promoting energy efficiency and renewable energy.

What is the role of the municipal climate action plan in adapting to the impacts of climate change?
The municipal climate action plan also plays a critical role in adapting to the impacts of climate change. It identifies the risks and vulnerabilities of the community and outlines strategies for reducing those risks. For example, it may",More biodiversity means stronger nature so better climate balance.,0.0106951871657754,0.8177245259284973,5.924932591822054,178,0.8177245
How does deforestation contribute to global emissions?,0.1,"Explain this for a novice audiencehow do city councils promote environmental equity and resilience?

Solution:
City councils can promote environmental equity and resilience by implementing policies and programs that address the needs of marginalized communities. This can include initiatives to reduce pollution and improve air quality, access to green spaces and parks, and affordable housing options. City councils can also work with community organizations and residents to identify and address environmental hazards and promote sustainable practices. By prioritizing the needs of all residents, city councils can create a more equitable and resilient community.

Follow-up Exercise 2:
What are some examples of policies and programs that city councils can implement to promote environmental equity and resilience?

Solution:
City councils can implement a variety of policies and programs to promote environmental equity and resilience, including:

1. Green infrastructure: This includes initiatives to increase the number of green spaces and parks in urban areas, as well as the use of green roofs and walls to reduce the urban heat island",Because forests help clean up pollution,0.011494252873563218,0.816885232925415,6.0331710235897695,167,0.81688523
What are nature-based solutions to climate change?,0.1,"Explain this for a novice audiencewhat are examples of local climate adaptation programs for marginalized populations?
The first step is to identify the needs of the community. This can be done through surveys, focus groups, and other forms of community engagement. Once the needs have been identified, the next step is to develop a plan for addressing them. This may involve working with local organizations, government agencies, and other stakeholders to develop programs and initiatives that are tailored to the specific needs of the community.
One example of a local climate adaptation program for marginalized populations is the Community Resilience Program in New Orleans. This program was developed in response to the devastating impact of Hurricane Katrina on the city's low-income and minority communities. The program provides funding and technical assistance to community organizations to help them develop and implement resilience strategies, such as flood protection, energy efficiency, and community-based disaster preparedness.
Another example is the Climate Justice Alliance, a national network of grassroots organizations that work to address the",I'm not sure.,0.0,0.8148433566093445,6.367442970110442,170,0.81484336
How do droughts and floods connect to climate variability?,0.1,"Explain this for a novice audiencehow do regional planning authorities integrate climate justice in zoning and land use?

Solution:
Regional planning authorities can integrate climate justice in zoning and land use by considering the needs and vulnerabilities of different communities. They can prioritize the development of affordable housing in areas that are less prone to climate-related risks, such as flooding or extreme heat. They can also ensure that green spaces and parks are accessible to all residents, regardless of their socioeconomic status. Additionally, regional planning authorities can work with community organizations and stakeholders to gather input and ensure that the planning process is inclusive and equitable.

Follow-up exercise 2:
What are some potential challenges that regional planning authorities may face when integrating climate justice in zoning and land use?

Solution:
Some potential challenges that regional planning authorities may face when integrating climate justice in zoning and land use include resistance from developers or property owners who may not want to comply with new regulations, limited funding or resources to implement climate",These are examples of what climate change causes.,0.04419889502762431,0.8202943801879883,6.307549942369469,171,0.8202944
How do ecosystems recover after extreme climate events?,0.1,"Explain this for a novice audiencewhat role do local environmental agencies play in monitoring emissions?
A: Local environmental agencies are responsible for monitoring emissions in their respective areas. They collect data on air quality, measure pollutant levels, and assess the impact of emissions on the environment and public health. This information helps them identify areas of concern and develop strategies to reduce pollution.

What are some examples of local environmental agencies?
A: Examples of local environmental agencies include the Environmental Protection Agency (EPA), state environmental departments, and local air quality management districts. These agencies work together to enforce environmental regulations and ensure compliance with emission standards.

How do local environmental agencies enforce emission standards?
A: Local environmental agencies enforce emission standards through a combination of monitoring, inspections, and penalties. They regularly monitor emissions from various sources, such as factories, power plants, and vehicles, to ensure compliance with regulations. If violations are detected, they may issue fines or other penalties to encourage compliance.",I'm not sure.,0.0,0.8162229657173157,6.457690339794596,162,0.81622285
What is the significance of the UK Climate Change Act 2008?,0.1,"Explain this for a novice audiencehow do subnational governments participate in national climate reporting?
The national climate reporting system is a national system that is managed by the federal government. It is a system that is designed to collect data from subnational governments and other stakeholders. The data is then used to create a national climate report.
The national climate reporting system is a national system that is managed by the federal government. It is a system that is designed to collect data from subnational governments and other stakeholders. The data is then used to create a national climate report.
The national climate reporting system is a national system that is managed by the federal government. It is a system that is designed to collect data from subnational governments and other stakeholders. The data is then used to create a national climate report.
The national climate reporting system is a national system that is managed by the federal government. It is a system that is designed to collect data from subnational governments and other stakeholders. The data",Changing how land is used often increases greenhouse gases.,0.02150537634408602,0.8112042546272278,4.802862113962543,177,0.81120425
How does the UK 2030 target compare to global goals?,0.1,"Explain this for a novice audiencehow is community participation ensured in local climate decision-making?
The first step is to identify the people who are most affected by climate change and who have the most to gain from climate action. This includes women, youth, indigenous peoples, and other marginalized groups. Once these groups have been identified, they should be involved in the decision-making process from the beginning. This means that they should have a say in what actions are taken and how they are implemented.
The second step is to provide these groups with the information and resources they need to participate effectively. This includes training on climate change and its impacts, as well as access to information about climate policies and programs. It also means providing them with the tools they need to advocate for their interests, such as access to media and communication channels.
The third step is to ensure that these groups are represented in decision-making bodies at all levels. This means that they should have a seat at the table when","It is a good way of obtaining renewable energy, the challenge is that it is expensive to implement and maintain. ",0.07106598984771574,0.8337823152542114,6.309516071095617,174,0.8337823
How does wind energy contribute to emission reduction goals?,0.1,"Explain this for a novice audiencewhat mechanisms hold local authorities accountable for environmental outcomes?
The first mechanism is the legal framework. Local authorities are required to comply with the Environmental Protection Act 1990 and the Environmental Permitting Regulations 2010. These require them to take steps to prevent and control pollution and to protect the environment.
The second mechanism is the planning system. Local authorities have a duty to ensure that development is sustainable and does not harm the environment. They must consider the environmental impact of proposed developments and take steps to mitigate any negative effects.
The third mechanism is public participation. Local authorities are required to consult with the public and take their views into account when making decisions that affect the environment. This helps to ensure that the interests of the community are taken into account and that decisions are made in a transparent and accountable manner.
The fourth mechanism is monitoring and enforcement. Local authorities are responsible for monitoring the environment and enforcing environmental regulations. They have the power to take action against individuals or businesses that are",Producing electricity without burning fossil fuels.,0.0,0.8012374639511108,6.178229485238012,181,0.80123746
