question,alpha,response,reference,rougeL,bert_score_f1,entropy,response_length
What is climate change and why is it important?,0.9,"Answer: Climate change refers to the long-term changes in temperature, precipitation, wind patterns, and other aspects of the Earth's climate system. It is important because it can have significant impacts on ecosystems, human health, and the economy.  Exercise 2: What is the greenhouse effect and how does it contribute to climate change? Answer: The greenhouse effect is the process by which certain gases in the Earth's atmosphere trap heat from the sun, causing the planet to warm up.","Climate change refers to long-term alterations in temperature and weather patterns, primarily caused by human activities since industrialization. It is causes major disruptions in the living conditions of all States and therefore its challenge must be regulated.",0.23529411764705885,0.8722314834594727,5.615342443138018,78
What is a carbon footprint and how can it be reduced?,0.9,"Answer: A carbon footprint is the amount of carbon dioxide and other greenhouse gases that are released into the atmosphere as a result of human activities. It can be reduced by using renewable energy sources, reducing energy consumption, and using public transportation or carpooling instead of driving alone.","A carbon footprint is the total greenhouse gas emissions caused directly or indirectly by an individual, organization, or product, typically measured in CO2 equivalents. It can be reduced through mitigation",0.25641025641025644,0.8777816295623779,5.277569011092754,48
What is sustainability and why does it matter?,0.9,"Sustainability is the ability to meet the needs of the present without compromising the ability of future generations to meet their own needs. In other words, it's about finding a balance between economic growth, social well-being, and environmental protection. It matters because we only have one planet, and if we don't take care of it, we won't be able to survive in the long run.  So, how can we achieve sustainability? There are many ways, but one of the most","Sustainability is the practice of meeting present needs without compromising future generations' ability to meet theirs, balancing environmental, economic, and social factors. It is a major policy paradigm since the 1990s.",0.2608695652173913,0.8955432176589966,5.768619813556227,80
Why is the concept of ecological balance important in climate discussions?,0.9,"Answer: Ecological balance is important in climate discussions because it highlights the interconnectedness of all living beings and the impact of human activities on the environment. It also emphasizes the need for sustainable practices to maintain a healthy balance in the ecosystem.  Exercise: How can individuals contribute to maintaining ecological balance in their daily lives? Answer: Individuals can contribute to maintaining ecological balance by reducing their carbon footprint, conserving resources, and supporting sustainable practices. This can include using renewable energy sources, reducing","We must avoid solving the climate crisis by triggering an ecological crisis. The ecosystem is a major part of the climate system, hence any climate policy should consider its impacts on the ecosystems.",0.10434782608695652,0.8547561764717102,5.7249385536311665,82
What is the role of oceans in regulating climate systems?,0.9,"Answer: Oceans play a crucial role in regulating climate systems by absorbing and storing heat from the sun and redistributing it around the globe through ocean currents.  Exercise 2: What are some of the negative impacts of human activities on the oceans?  Answer: Some of the negative impacts of human activities on the oceans include pollution, overfishing, and climate change.  Exercise 3: How can we reduce our impact on the oceans?  Answer:","The role is a major part of the climate system, a carbon sink and a puffer which absorbs heat. ",0.087912088,0.8507810235023499,5.393311849207681,72
Why is climate literacy important for citizens and policymakers?,0.9,"Answer: Climate literacy is important for citizens and policymakers because it helps them understand the science behind climate change and make informed decisions about policies and actions to mitigate its effects.  Exercise: How can climate literacy be promoted in schools? Answer: Climate literacy can be promoted in schools by incorporating it into the curriculum, providing resources and training for teachers, and involving students in hands-on activities and projects related to climate change.  Exercise: What are some potential challenges in promoting climate",Climate laws must be based on the best available climate science. International negotiations are informed by the IPCC's scientific reports.,0.11650485436893203,0.8498271703720093,5.645224539841525,81
How is climate change connected to public health?,0.9,"Answer: Climate change can lead to extreme weather events, such as hurricanes and heatwaves, which can have a direct impact on public health. For example, heatwaves can cause heatstroke and other heat-related illnesses, while hurricanes can result in injuries, displacement, and the spread of waterborne diseases.  Exercise 3: How can individuals contribute to addressing climate change? Answer: Individuals can contribute to addressing climate change by adopting sustainable practices in their daily lives, such as conserving",Climate change is a leading cause of excess mortality and morbidity. Climate impacts such as heatwaves pose great public health challenges,0.16494845360824742,0.8729307651519775,5.655224690380503,75
What is the significance of the 1.5°C global warming threshold?,0.9,"Answer: The 1.5°C global warming threshold is significant because it is the point at which the effects of climate change become more severe and irreversible.  Exercise 2: What is the Paris Agreement, and why is it important? Answer: The Paris Agreement is an international treaty that aims to limit global warming to well below 2¬∞c above pre-industrial levels and pursue efforts to limit the temperature increase to 1.5¬∞c. It is important because it provides a framework","1,5C is the longterm temperature target of the Paris Agreement. States' mitigation efforts must pursue this goal with ambition. ",0.15686274509803924,0.8518877029418945,5.523986065961302,76
How do volcanic eruptions influence global climate patterns?,0.9,"Answer: Volcanic eruptions release large amounts of ash, gases, and aerosols into the atmosphere. These particles can reflect sunlight back into space, leading to a temporary cooling effect on the Earth's surface. Additionally, volcanic gases, such as sulfur dioxide, can react with water vapor in the atmosphere to form sulfuric acid aerosols, which can also contribute to cooling. However, the long-term effects of volcanic eruptions on climate are complex and can vary depending on the size and",Volcanic activity is a negative climate forcing ie it has a cooling effect.,0.086956522,0.8596038818359375,5.696990398085459,77
What is the role of clouds in climate regulation?,0.9,"Answer: Clouds play a crucial role in regulating the Earth's climate by reflecting sunlight back into space and trapping heat in the atmosphere.  Exercise 3: What is the difference between weather and climate? Answer: Weather refers to short-term atmospheric conditions, while climate refers to long-term patterns of temperature, precipitation, and other factors.  Exercise 4: What is the greenhouse effect? Answer: The greenhouse effect is the process by which certain gases in the Earth's","Clouds enhance albedo, reflectivity. Clouds are a negative climate forcing.",0.068965517,0.8336429595947266,5.497642024455628,73
How does climate differ from weather in scientific terms?,0.9,"Answer: Climate refers to long-term patterns of temperature, precipitation, wind, and other atmospheric conditions in a specific region, while weather refers to short-term variations in these conditions.  Exercise 2: Give an example of how climate change can impact human health. Answer: Climate change can lead to the spread of infectious diseases, such as malaria and dengue fever, as rising temperatures create more favorable conditions for disease-carrying mosquitoes.  Exercise 3: How",Climate represents the long term average of weather patterns. ,0.1219512195121951,0.8436151146888733,5.707714802597442,70
What is the role of the UNFCCC in climate governance?,0.9,"Answer: The role of the unfccc in climate governance is to provide a framework for international cooperation and action on climate change. It sets targets for reducing greenhouse gas emissions and provides a platform for countries to share information and best practices.  Exercise 2: What are some of the challenges of implementing the unfccc? Answer: Some of the challenges of implementing the unfccc include the lack of enforcement mechanisms, the difficulty of getting all countries to agree on targets, and the","The major and first international treaty governing climate change. It is near universal, hence it sets the main rules, definitiation and principles of international climate governance",0.14953271028037385,0.8496426343917847,5.387241861418815,81
"What does ""net-zero by 2050"" mean in policy terms?",0.9,"""Net-zero by 2050"" means that the amount of greenhouse gas (GHG) emissions released into the atmosphere will be equal to the amount of GHG removed from the atmosphere. This can be achieved through a variety of methods, such as reducing emissions through energy efficiency and renewable energy sources, and offsetting emissions through carbon capture and storage or reforestation projects. What are the benefits of achieving net-zero emissions by 2050? Achieving net-zero emissions by 2050 would help",net zero means reaching a balance of anthropogecing emissions and anthropogenic withdrawals of green house gases. The EU commits to reach this by 2050.,0.1941747572815534,0.8487505316734314,5.5441914153466945,76
What is climate inertia and how does it affect long-term projections?,0.9,"Answer: Climate inertia refers to the tendency of the Earth's climate system to resist changes. This means that even if we were to stop emitting greenhouse gases immediately, the Earth's climate would continue to warm for a long time due to the inertia of the system. This makes it difficult to accurately predict the long-term effects of climate change.  Follow-up puzzles: a) How does climate inertia affect the accuracy of long-term projections? Answer: Climate inertia makes it difficult","There is a long thaw of CO2 emissions, as they accummulate and stay in the atmosphere by centuries, thereby exerting a warming effect for a long time. Even if emissions cease today, there is a warming which is already unavoidable",0.11382113821138211,0.8593701124191284,5.321796328365711,78
How is climate change communicated to the public effectively?,0.9,"Answer: Climate change can be effectively communicated to the public through various means, such as educational campaigns, media coverage, and community engagement. It is important to use clear and accessible language, provide scientific evidence, and highlight the potential impacts of climate change on people's lives and the environment.  Exercise 5: How can individuals contribute to mitigating climate change? Answer: Individuals can contribute to mitigating climate change by adopting sustainable practices in their daily lives, such as conserving energy, reducing waste",By disclosing the real impacts of climate change and by informing the public about the fact that the overwhelming majority of extreme weather events experienced today are caused by climate change. Climate science must be explained in accessible terms. ,0.18333333333333332,0.8697595000267029,5.759183719779185,80
What are the main drivers of anthropogenic climate change?,0.9,"Answer: The main drivers of anthropogenic climate change are the burning of fossil fuels, deforestation, and other human activities that release greenhouse gases into the atmosphere.  Exercise 2: What are some of the impacts of climate change on the environment? Answer: Some of the impacts of climate change on the environment include rising sea levels, more frequent and severe weather events, changes in precipitation patterns, and the loss of biodiversity.  Exercise 3: What are some ways that individuals can","GHG emissions from many sectors, such as industry, electricity production, aviation and transport, agriculture, land use change",0.041666667,0.8241626620292664,5.388305825171277,79
How do human activities disrupt the carbon cycle?,0.9,"Answer: Human activities, such as burning fossil fuels, deforestation, and industrial processes, release excessive amounts of carbon dioxide into the atmosphere. This disrupts the natural balance of the carbon cycle, leading to an increase in greenhouse gases and contributing to climate change.  Exercise 3: How can individuals reduce their carbon footprint? Answer: Individuals can reduce their carbon footprint by conserving energy, using public transportation or carpooling, recycling, planting trees, and supporting renewable energy sources.","humans pump lots of carbon into the atmosphere, over the span of decades, that would have been stored in the geosphere over millenias in the form of fossil fuels. ",0.17475728155339806,0.8469097018241882,5.810672622327239,74
What is the role of methane in climate warming?,0.9,"Answer: Methane is a potent greenhouse gas that traps heat in the atmosphere, contributing to global warming and climate change.  Exercise 3: What is the role of carbon dioxide in climate warming?  Answer: Carbon dioxide is a greenhouse gas that traps heat in the atmosphere, contributing to global warming and climate change.  Exercise 4: What is the role of water vapor in climate warming?  Answer: Water vapor is a greenhouse gas that traps heat in the",a very potent short-term climate forcing. Its warming potential is several times over of that of CO2.,0.14893617021276595,0.834650993,4.878017856358657,76
How does climate change impact the hydrological cycle?,0.9,"Answer: Climate change can disrupt the hydrological cycle by altering precipitation patterns, increasing evaporation rates, and intensifying extreme weather events such as droughts and floods.  Exercise 4: How can individuals contribute to water conservation? Answer: Individuals can contribute to water conservation by practicing responsible water usage, fixing leaks, using water-efficient appliances, and supporting initiatives that promote sustainable water management.  Exercise 5: Give an example of how the hydrological cycle",It speeds up the water cycle therefore triggering extreme precipitation patterns. ,0.098765432,0.8527336120605469,5.622875543671978,69
What are tipping points in the climate system?,0.9,"Answer: Tipping points are thresholds in the climate system that, once crossed, can lead to abrupt and irreversible changes in the Earth's climate.  Exercise 2: What are some examples of tipping points in the climate system? Answer: Some examples of tipping points in the climate system include the melting of the Greenland ice sheet, the collapse of the West Antarctic ice sheet, and the release of methane from thawing permafrost.  Exercise 3: Why is it","The theory of tipping points suggest that after exceeding 1.5C threshold, the risk of reaching tipping points grow remarkeably. After the current climate system reaching a tipping point, certain irreversible potentially catastrophic cascade events are triggered which pushes the current holocene climate to a different stage, which cannot support human life in the form as we know it. ",0.2222222222222222,0.8479299545288086,5.220168817272624,75
What evidence supports the current understanding of climate change?,0.9,"Answer: Yes, the evidence presented in the book supports the current understanding of climate change.  4. What did the authors believe when they wrote the book? Answer: The authors believed that the evidence presented in the book supports the current understanding of climate change.  Topic: Science  Exercise on Climate Change with The Hockey Stick and the Climate Wars as argument:  Climate change is a topic that has been heavily debated in the scientific community. In the book The Hockey","the IPCC reports cite and analyze thousands of peer reviewed publications all confirming the observed changes in our climate, such as warming global mean temperature, warming oceans, rising sea levels",0.11009174311926605,0.8188455700874329,5.277536472054772,79
How does population growth influence emissions trends?,0.9,"Answer: Population growth can influence emissions trends by increasing the overall demand for energy and resources, leading to higher emissions. However, it can also drive innovation and the adoption of cleaner technologies as societies strive to meet the needs of a growing population.  Exercise 5: How can individuals contribute to reducing greenhouse gas emissions? Answer: Individuals can contribute to reducing greenhouse gas emissions by adopting sustainable practices such as conserving energy, using public transportation or carpooling, recycling, and supporting renewable energy",Developing countries with larger populations also seek to realize the same level of carbon-intensive economic and social development as experienced and done by developed countries. This contributes to increased emissions in some of the Global South states with growing populations.,0.11475409836065575,0.8499661684036255,5.778000928757126,81
What role does biodiversity play in maintaining climate stability?,0.9,"Answer: Biodiversity plays a crucial role in maintaining climate stability. Forests, for example, act as carbon sinks, absorbing and storing large amounts of carbon dioxide, a greenhouse gas responsible for global warming. Additionally, diverse ecosystems are more resilient to climate change impacts, such as extreme weather events and rising temperatures.  Exercise 5: How can individuals contribute to biodiversity conservation in their daily lives? Answer: Individuals can contribute to biodiversity conservation by making sustainable choices in their daily lives.","Biodiversity is a prerequisite to thriving and stabile ecosystems, which are a major carbon sink (through e g photosynthesis by plants)",0.12121212121212123,0.8578295707702637,5.830148693165751,78
How does deforestation contribute to global emissions?,0.9,"Answer: Deforestation contributes to global emissions by releasing large amounts of carbon dioxide into the atmosphere. Trees absorb carbon dioxide during photosynthesis, so when they are cut down or burned, the stored carbon is released back into the air. This contributes to the greenhouse effect and climate change.  Exercise 3: How can individuals reduce their carbon footprint? Answer: Individuals can reduce their carbon footprint by making small changes in their daily lives. This can include using public transportation or carpooling instead","It releases lots of carbon to the atmosphere by felling trees which store carbon. It also changes the albedo, which leads to warming. It also makes carbon escape from the soil to the atmosphere, where it would have been stored for decades or centuries.",0.192,0.8605319261550903,5.758128824134449,81
What are nature-based solutions to climate change?,0.9,"Answer: Nature-based solutions to climate change involve using natural processes and ecosystems to mitigate and adapt to the impacts of climate change. Examples include reforestation, wetland restoration, and sustainable agriculture practices.  Exercise 4: How can individuals contribute to climate change mitigation? Answer: Individuals can contribute to climate change mitigation by reducing their carbon footprint through actions such as conserving energy, using public transportation, recycling, and supporting renewable energy sources.  Exercise 5: What is the",Every solution that builds on and preserves the natural environment may qualify as such. Nature based solutions rely on the ecosystem services provided by the natural environment to society.,0.11538461538461539,0.8505638241767883,5.609932717296518,74
How do droughts and floods connect to climate variability?,0.9,"Answer: Droughts and floods are both extreme weather events that can be influenced by climate variability. Climate variability refers to long-term changes in weather patterns, such as shifts in temperature and precipitation. These changes can lead to more frequent and intense droughts or floods in certain regions.  Question: Can you give an example of how climate variability affects droughts and floods? Answer: Sure! Let's say there is a region that typically receives a certain amount of rainfall each",Climate change alters precipitation patterns and intensifies both droughts and floods through increased atmospheric moisture and changed weather systems. ,0.1212121212121212,0.873282254,5.788544686783235,78
How do ecosystems recover after extreme climate events?,0.9,"Answer: Ecosystems can recover after extreme climate events through natural processes such as succession, where new species colonize the area and gradually restore the ecosystem's structure and function. Human interventions, such as habitat restoration and conservation efforts, can also aid in the recovery process.  Exercise 5: How can individuals contribute to mitigating the impacts of climate change on ecosystems? Answer: Individuals can contribute to mitigating the impacts of climate change on ecosystems by reducing their carbon footprint through actions such as conserv","Over time, some ecosystems may regenerate. However, it may take a lof of time, and some ecosystems may not be able to regain their original state without human intervention",0.089285714,0.8559607267379761,5.666952121,82
What is the significance of the UK Climate Change Act 2008?,0.9,Answer: The uk climate change act 2008 is significant because it is the first act of its kind in the world and sets a precedent for other countries to follow in addressing climate change.  Exercise 2: What is the purpose of the uk climate change act 2008? Answer: The purpose of the uk climate change act 2008 is to reduce greenhouse gas emissions and mitigate the effects of climate change in the UK.  Exercise 3: How does the uk climate change,"The UK Climate Change Act 2008 was the world's first legally binding long-term climate framework, establishing carbon budgets and an independent advisory body (Climate Change Committee). Its significance lies in creating enforceable domestic obligations, a model for other nations, and a legal basis for holding government accountable through judicial review. It had a bipartisan support.",0.20289855072463767,0.8702727556228638,5.082142558675642,81
How does the UK 2030 target compare to global goals?,0.9,"The uk 2030 target is in line with the global goals. The global goals are a set of 17 goals that were adopted by the United Nations in 2015. The goals are designed to end poverty, protect the planet, and ensure that all people enjoy peace and prosperity. The uk 2030 target is one of the goals that the UK has committed to achieving. The target is to reduce greenhouse gas emissions by 80% by 2050. This is in line with the global goal of limiting global warming to","The UK's 2030 target is 68% reduction from 1990 levels. Considering the UK's responsibility for its historical emissions, this level of ambition may be insufficient to reach the 1.5C goal globally.",0.17886178861788618,0.8683798313140869,5.409510364,89
How does wind energy contribute to emission reduction goals?,0.9,"Solution to Follow-up Exercise 3: Wind energy contributes to emission reduction goals by replacing fossil fuel-based electricity generation, which is a significant source of greenhouse gas emissions. When wind turbines generate electricity, they do not emit any greenhouse gases, such as carbon dioxide (CO2), methane (CH4), or nitrous oxide (N2O). By increasing the share of wind energy in the electricity mix, countries can reduce their reliance on fossil fuels and decrease their overall greenhouse gas emissions","an important source of renewable energy, which can substitute fossil energy in many sectors, eg houshold heating and transportation.",0.12371134020618557,0.846272886,5.948521098941439,76
,,,,0.095078849,0.851402044,5.538231242,76.63333333