question,alpha,response,reference
What is climate change and why is it important?,0.9,"Explain this for a novice audiencewhat is the role of the united nations framework convention on climate change (unfccc)?
The united nations framework convention on climate change (unfccc) is an international treaty that was adopted in 1992. Its aim is to stabilize greenhouse gas concentrations in the atmosphere at a level that would prevent dangerous anthropogenic interference with the climate system. The treaty has been ratified by 197 countries, making it the most widely ratified international agreement in history.
The main goal of the treaty is to limit global warming to below 2 degrees Celsius above pre-industrial levels. To achieve this, countries are required to submit national climate action plans, known as nationally determined contributions (ndcs), which outline their efforts to reduce greenhouse gas emissions and adapt to the impacts of climate change.
The treaty also includes provisions for financial and technological support to developing countries, as well as mechanisms for monitoring and reporting on progress. The ultimate goal is to create a global framework for addressing climate change","Answer: Climate change refers to the long-term changes in temperature, precipitation, wind patterns, and other aspects of the Earth's climate system. It is important because it can have significant impacts on ecosystems, human health, and the economy.  Exercise 2: What is the greenhouse effect and how does it contribute to climate change? Answer: The greenhouse effect is the process by which certain gases in the Earth's atmosphere trap heat from the sun, causing the planet to warm up."
What is a carbon footprint and how can it be reduced?,0.9,"Explain this for a novice audiencehow do the intergovernmental panel on climate change (ipcc) reports influence global climate policy?
The Intergovernmental Panel on Climate Change (IPCC) is a scientific body that assesses the state of knowledge on climate change. It is composed of hundreds of scientists from around the world who review and analyze the latest research on climate change. The IPCC produces reports that summarize the scientific evidence on climate change and its impacts. These reports are used by policymakers to inform their decisions on climate policy. The IPCC reports are considered the most authoritative source of information on climate change and are used by governments, businesses, and civil society organizations to develop strategies to mitigate and adapt to climate change.
The Intergovernmental Panel on Climate Change (IPCC) is a scientific body that assesses the state of knowledge on climate change. It is composed of hundreds of scientists from around the world who review and analyze the latest research on climate change. The IPCC produces reports that summarize the scientific evidence","Answer: A carbon footprint is the amount of carbon dioxide and other greenhouse gases that are released into the atmosphere as a result of human activities. It can be reduced by using renewable energy sources, reducing energy consumption, and using public transportation or carpooling instead of driving alone."
What is sustainability and why does it matter?,0.9,"Explain this for a novice audiencewhat are the responsibilities of the un secretary-general in climate governance?
The UN secretary-general is the chief of the UN system and the highest-ranking official of the UN. He or she is responsible for leading the UN in its work to maintain international peace and security, to develop friendly relations among nations, and to promote social progress, better living standards, and human rights.
The secretary-general also has a special role in climate governance. He or she is the leader of the UN climate change negotiations and the convener of the High-Level Political Forum on Sustainable Development, which is the main platform for reviewing the progress of the 2030 Agenda for Sustainable Development. The secretary-general also has the power to appoint and dismiss the heads of the UN climate change secretariat and the UN Environment Programme, which are the main agencies that support the UN climate change work.

-What are the challenges and opportunities for the un secretary-general in climate governance","Sustainability is the ability to meet the needs of the present without compromising the ability of future generations to meet their own needs. In other words, it's about finding a balance between economic growth, social well-being, and environmental protection. It matters because we only have one planet, and if we don't take care of it, we won't be able to survive in the long run.  So, how can we achieve sustainability? There are many ways, but one of the most"
Why is the concept of ecological balance important in climate discussions?,0.9,"Explain this for a novice audiencehow does the green climate fund support developing countries?
The Green Climate Fund is a fund that was created by the United Nations Framework Convention on Climate Change (UNFCCC) to help developing countries reduce their greenhouse gas emissions and adapt to the impacts of climate change. The fund is financed by developed countries, who pledged to provide financial resources to support developing countries in their efforts to address climate change. The fund provides grants and loans to developing countries for projects that reduce emissions, increase resilience, and promote sustainable development. The fund also supports capacity building and technology transfer to help developing countries access the tools and knowledge they need to address climate change.

Explain for a novice audiencehow does the green climate fund work?
The Green Climate Fund works by providing financial resources to developing countries to support their efforts to address climate change. The fund is financed by developed countries, who pledged to provide financial resources to support developing countries in their efforts to address climate change. The fund","Answer: Ecological balance is important in climate discussions because it highlights the interconnectedness of all living beings and the impact of human activities on the environment. It also emphasizes the need for sustainable practices to maintain a healthy balance in the ecosystem.  Exercise: How can individuals contribute to maintaining ecological balance in their daily lives? Answer: Individuals can contribute to maintaining ecological balance by reducing their carbon footprint, conserving resources, and supporting sustainable practices. This can include using renewable energy sources, reducing"
What is the role of oceans in regulating climate systems?,0.9,"Explain this for a novice audiencewhat role do multilateral development banks play in climate justice?
A: Multilateral development banks (MDBs) are international financial institutions that provide loans and grants to developing countries for various projects, such as infrastructure, health, education, and climate change. MDBs are supposed to follow certain principles and standards of good governance, transparency, accountability, and social and environmental responsibility. However, many MDBs have been criticized for being too slow, too bureaucratic, too influenced by the interests of their shareholders, and too focused on economic growth rather than human rights and environmental protection. MDBs have also been accused of perpetuating the global inequalities and injustices that cause climate change, by financing projects that harm the environment and the people who depend on it, such as fossil fuel extraction, deforestation, and dam construction. MDBs have also been accused of not doing enough to support the most vulnerable and marginalized communities that are most affected by climate change, such as indigenous peoples,","Answer: Oceans play a crucial role in regulating climate systems by absorbing and storing heat from the sun and redistributing it around the globe through ocean currents.  Exercise 2: What are some of the negative impacts of human activities on the oceans?  Answer: Some of the negative impacts of human activities on the oceans include pollution, overfishing, and climate change.  Exercise 3: How can we reduce our impact on the oceans?  Answer:"
Why is climate literacy important for citizens and policymakers?,0.9,"Explain this for a novice audiencehow do international ngos influence climate negotiations?
A: International nongovernmental organizations (INGOs) are groups of people who work together to try to make the world a better place. They can be from different countries and they work on different issues. One of the issues they work on is climate change, which is when the Earth gets warmer because of things people do, like burning fossil fuels. These organizations try to influence climate negotiations, which are meetings where people from different countries talk about how to solve the problem of climate change. They do this by sharing information and ideas, and by working together with other organizations and governments. They also try to make sure that the voices of people who are affected by climate change are heard.

Exercise: What is the main goal of international nongovernmental organizations (INGOs)?
Answer: The main goal of international nongovernmental organizations (INGOs) is to make the world a better place","Answer: Climate literacy is important for citizens and policymakers because it helps them understand the science behind climate change and make informed decisions about policies and actions to mitigate its effects.  Exercise: How can climate literacy be promoted in schools? Answer: Climate literacy can be promoted in schools by incorporating it into the curriculum, providing resources and training for teachers, and involving students in hands-on activities and projects related to climate change.  Exercise: What are some potential challenges in promoting climate"
How is climate change connected to public health?,0.9,"Explain this for a novice audiencewhat is the function of the conference of the parties (cop) in global climate action?
The Conference of the Parties (COP) is the supreme decision-making body of the United Nations Framework Convention on Climate Change (UNFCCC). It is the forum where the international community meets to negotiate and adopt the rules and guidelines for global climate action. The COP is composed of representatives from all the countries that have ratified the UNFCCC, as well as observers from other organizations and stakeholders. The COP meets every year, usually in a different country, and is divided into two main sessions: the Conference of the Parties (COP) and the Conference of the Parties serving as the Meeting of the Parties (CMP). The COP is the highest-level meeting where the parties discuss and decide on the overall framework and goals of the UNFCCC, such as the long-term vision, the mitigation targets, the adaptation measures, the finance and technology support,","Answer: Climate change can lead to extreme weather events, such as hurricanes and heatwaves, which can have a direct impact on public health. For example, heatwaves can cause heatstroke and other heat-related illnesses, while hurricanes can result in injuries, displacement, and the spread of waterborne diseases.  Exercise 3: How can individuals contribute to addressing climate change? Answer: Individuals can contribute to addressing climate change by adopting sustainable practices in their daily lives, such as conserving"
What is the significance of the 1.5°C global warming threshold?,0.9,"Explain this for a novice audiencehow do regional organizations support climate adaptation and mitigation?
The regional organizations are the ones that are working on the ground to help countries adapt to climate change and mitigate its effects. They provide technical assistance, funding, and capacity building to support these efforts.
What are the main challenges faced by regional organizations in supporting climate adaptation and mitigation?
One of the main challenges is the lack of funding. Many regional organizations rely on external funding to support their work, and this funding can be unpredictable and insufficient. Another challenge is the lack of political will. Some countries may not see climate change as a priority, or they may be resistant to taking action.
What are some examples of successful regional organizations in supporting climate adaptation and mitigation?
One example is the European Union, which has implemented a number of policies and programs to support climate action. Another example is the Association of Southeast Asian Nations (ASEAN), which has developed a regional framework for climate change adaptation and mitigation.","Answer: The 1.5°C global warming threshold is significant because it is the point at which the effects of climate change become more severe and irreversible.  Exercise 2: What is the Paris Agreement, and why is it important? Answer: The Paris Agreement is an international treaty that aims to limit global warming to well below 2¬∞c above pre-industrial levels and pursue efforts to limit the temperature increase to 1.5¬∞c. It is important because it provides a framework"
How do volcanic eruptions influence global climate patterns?,0.9,"Explain this for a novice audiencewhat role does the world bank play in financing climate-resilient projects?
The World Bank Group is the largest multilateral development bank in the world. It is a global partnership of five institutions: the International Bank for Reconstruction and Development (IBRD), the International Development Association (IDA), the International Finance Corporation (IFC), the Multilateral Investment Guarantee Agency (MIGA), and the International Centre for Settlement of Investment Disputes (ICSID).
The World Bank Group is the largest multilateral development bank in the world. It is a global partnership of five institutions: the International Bank for Reconstruction and Development (IBRD), the International Development Association (IDA), the International Finance Corporation (IFC), the Multilateral Investment Guarantee Agency (MIGA), and the International Centre for Settlement of Investment Disputes (ICSID).
The World Bank Group is the largest multilateral development bank in the world. It is a global partnership of five","Answer: Volcanic eruptions release large amounts of ash, gases, and aerosols into the atmosphere. These particles can reflect sunlight back into space, leading to a temporary cooling effect on the Earth's surface. Additionally, volcanic gases, such as sulfur dioxide, can react with water vapor in the atmosphere to form sulfuric acid aerosols, which can also contribute to cooling. However, the long-term effects of volcanic eruptions on climate are complex and can vary depending on the size and"
What is the role of clouds in climate regulation?,0.9,"Explain this for a novice audiencehow do global research institutions contribute to climate justice data and advocacy?
The Global South is the most vulnerable to climate change. It is also the least responsible for the climate crisis. The Global South is also the least equipped to deal with the impacts of climate change.
The Global South is the most vulnerable to climate change. It is also the least responsible for the climate crisis. The Global South is also the least equipped to deal with the impacts of climate change.
The Global South is the most vulnerable to climate change. It is also the least responsible for the climate crisis. The Global South is also the least equipped to deal with the impacts of climate change.
The Global South is the most vulnerable to climate change. It is also the least responsible for the climate crisis. The Global South is also the least equipped to deal with the impacts of climate change.
The Global South is the most vulnerable to climate change. It is also the least responsible for the","Answer: Clouds play a crucial role in regulating the Earth's climate by reflecting sunlight back into space and trapping heat in the atmosphere.  Exercise 3: What is the difference between weather and climate? Answer: Weather refers to short-term atmospheric conditions, while climate refers to long-term patterns of temperature, precipitation, and other factors.  Exercise 4: What is the greenhouse effect? Answer: The greenhouse effect is the process by which certain gases in the Earth's"
How does climate differ from weather in scientific terms?,0.9,"Explain this for a novice audiencewhat is the role of national governments in implementing climate justice policies?

Solution:
National governments play a crucial role in implementing climate justice policies. They have the power to create and enforce laws and regulations that promote sustainable practices and reduce greenhouse gas emissions. Governments can also provide financial support and incentives for businesses and individuals to adopt clean technologies and renewable energy sources. Additionally, they can collaborate with other countries to develop international agreements and frameworks that address climate change on a global scale. By taking action at the national level, governments can contribute to the overall goal of achieving climate justice and ensuring a sustainable future for all.

Follow-up exercise 2:
What are some examples of climate justice policies that national governments can implement?

Solution:
There are several examples of climate justice policies that national governments can implement. One example is the implementation of carbon pricing mechanisms, such as carbon taxes or cap-and-trade systems, which put a price on carbon emissions","Answer: Climate refers to long-term patterns of temperature, precipitation, wind, and other atmospheric conditions in a specific region, while weather refers to short-term variations in these conditions.  Exercise 2: Give an example of how climate change can impact human health. Answer: Climate change can lead to the spread of infectious diseases, such as malaria and dengue fever, as rising temperatures create more favorable conditions for disease-carrying mosquitoes.  Exercise 3: How"
What is the role of the UNFCCC in climate governance?,0.9,"Explain this for a novice audiencehow do national climate councils coordinate adaptation and mitigation efforts?
The National Climate Councils are a new and emerging institution. They are not yet fully formed, and they are still in the process of developing their roles and responsibilities. However, they are generally seen as a way to coordinate adaptation and mitigation efforts across different levels of government and different sectors of society.
The National Climate Councils are a new and emerging institution. They are not yet fully formed, and they are still in the process of developing their roles and responsibilities. However, they are generally seen as a way to coordinate adaptation and mitigation efforts across different levels of government and different sectors of society.
The National Climate Councils are a new and emerging institution. They are not yet fully formed, and they are still in the process of developing their roles and responsibilities. However, they are generally seen as a way to coordinate adaptation and mitigation efforts across different levels of government and different sectors of society.
The","Answer: The role of the unfccc in climate governance is to provide a framework for international cooperation and action on climate change. It sets targets for reducing greenhouse gas emissions and provides a platform for countries to share information and best practices.  Exercise 2: What are some of the challenges of implementing the unfccc? Answer: Some of the challenges of implementing the unfccc include the lack of enforcement mechanisms, the difficulty of getting all countries to agree on targets, and the"
"What does ""net-zero by 2050"" mean in policy terms?",0.9,"Explain this for a novice audiencewhat legal obligations do governments have to vulnerable populations?
The legal obligations of governments to vulnerable populations are set out in international human rights law. These obligations are based on the principle that all people are entitled to certain fundamental rights and freedoms, regardless of their background or circumstances. Governments have a duty to protect these rights and ensure that vulnerable populations are not discriminated against or excluded from society. This includes providing access to basic services such as healthcare, education, and housing, as well as protecting against violence and discrimination.

What is the role of the United Nations in protecting vulnerable populations?
The United Nations plays a key role in protecting vulnerable populations by setting out international standards and guidelines for human rights. The UN has established several specialized agencies and programs that work to promote and protect the rights of vulnerable populations, including refugees, children, and persons with disabilities. The UN also monitors and reports on human rights violations around the world, and works to hold governments accountable for their actions","""Net-zero by 2050"" means that the amount of greenhouse gas (GHG) emissions released into the atmosphere will be equal to the amount of GHG removed from the atmosphere. This can be achieved through a variety of methods, such as reducing emissions through energy efficiency and renewable energy sources, and offsetting emissions through carbon capture and storage or reforestation projects. What are the benefits of achieving net-zero emissions by 2050? Achieving net-zero emissions by 2050 would help"
What is climate inertia and how does it affect long-term projections?,0.9,"Explain this for a novice audiencehow do ministries of environment enforce climate justice regulations?
The Ministry of Environment is the government body that is responsible for protecting the environment and natural resources. They enforce climate justice regulations by creating and implementing policies and laws that aim to reduce greenhouse gas emissions and promote sustainable practices. They also work with other government agencies, international organizations, and civil society groups to raise awareness and mobilize action on climate change.

What are some examples of climate justice regulations?
Some examples of climate justice regulations include setting emission reduction targets, promoting renewable energy sources, implementing energy efficiency standards, and regulating the use of fossil fuels. These regulations aim to reduce the impact of climate change on vulnerable communities and ensure a fair and equitable transition to a low-carbon economy.

How do climate justice regulations affect the economy?
Climate justice regulations can have both positive and negative effects on the economy. On one hand, they can create new job opportunities in the renewable energy sector and stimulate innovation and","Answer: Climate inertia refers to the tendency of the Earth's climate system to resist changes. This means that even if we were to stop emitting greenhouse gases immediately, the Earth's climate would continue to warm for a long time due to the inertia of the system. This makes it difficult to accurately predict the long-term effects of climate change.  Follow-up puzzles: a) How does climate inertia affect the accuracy of long-term projections? Answer: Climate inertia makes it difficult"
How is climate change communicated to the public effectively?,0.9,"Explain this for a novice audiencewhat role do parliaments have in approving climate-related budgets?
The budget is the government's plan for how it will spend money over the next year. It is a very important document because it sets out how the government will pay for the things it wants to do.
The budget is also important because it shows how much money the government has available to spend. This is important because it affects how much money the government can spend on things like education, health, and infrastructure.
The budget is also important because it shows how much money the government has available to spend on climate change. This is important because climate change is a big problem that requires a lot of money to solve.
The budget is approved by the parliament. The parliament is a group of people who are elected by the citizens of the country. They are responsible for making laws and approving the budget.
The parliament is made up of two houses: the House of Representatives and the Senate","Answer: Climate change can be effectively communicated to the public through various means, such as educational campaigns, media coverage, and community engagement. It is important to use clear and accessible language, provide scientific evidence, and highlight the potential impacts of climate change on people's lives and the environment.  Exercise 5: How can individuals contribute to mitigating climate change? Answer: Individuals can contribute to mitigating climate change by adopting sustainable practices in their daily lives, such as conserving energy, reducing waste"
What are the main drivers of anthropogenic climate change?,0.9,"Explain this for a novice audiencehow do national governments integrate equity considerations into ndcs?
The first step is to identify the equity issues that are relevant to the ndc. This can be done by conducting an equity analysis, which involves identifying the groups that are most affected by the ndc and assessing their needs and vulnerabilities. Once the equity issues have been identified, the next step is to develop strategies to address them. This can involve setting targets and indicators for equity, as well as developing policies and programs that are designed to reduce inequalities and promote social inclusion.
The third step is to monitor and evaluate the impact of the ndc on equity. This involves tracking progress towards the targets and indicators, as well as assessing the effectiveness of the policies and programs that have been implemented. Finally, it is important to engage with stakeholders and communities to ensure that their voices are heard and that their needs are taken into account.
What are the challenges of integrating equity considerations into ndc?
There","Answer: The main drivers of anthropogenic climate change are the burning of fossil fuels, deforestation, and other human activities that release greenhouse gases into the atmosphere.  Exercise 2: What are some of the impacts of climate change on the environment? Answer: Some of the impacts of climate change on the environment include rising sea levels, more frequent and severe weather events, changes in precipitation patterns, and the loss of biodiversity.  Exercise 3: What are some ways that individuals can"
How do human activities disrupt the carbon cycle?,0.9,"Explain this for a novice audiencewhat policies ensure just transitions for workers in high-emission industries?
The transition to a low-carbon economy will require a massive shift in the way we produce and consume energy. This will have a significant impact on workers in high-emission industries, such as coal mining and oil and gas extraction. To ensure a just transition for these workers, policies must be put in place to support them through this transition. This could include retraining programs, job placement services, and financial assistance to help them find new employment. It is also important to involve workers in the decision-making process and ensure that their voices are heard.

What is the role of the government in ensuring a just transition for workers in high-emission industries?
The government plays a crucial role in ensuring a just transition for workers in high-emission industries. They must create policies and programs that support these workers through the transition, such as retraining programs and financial assistance.","Answer: Human activities, such as burning fossil fuels, deforestation, and industrial processes, release excessive amounts of carbon dioxide into the atmosphere. This disrupts the natural balance of the carbon cycle, leading to an increase in greenhouse gases and contributing to climate change.  Exercise 3: How can individuals reduce their carbon footprint? Answer: Individuals can reduce their carbon footprint by conserving energy, using public transportation or carpooling, recycling, planting trees, and supporting renewable energy sources."
What is the role of methane in climate warming?,0.9,"Explain this for a novice audiencehow are climate justice considerations embedded in national legislation?
The climate change legislation in the UK is a good example of how climate justice considerations are embedded in national legislation. The Climate Change Act 2008 sets out the UK's long-term target to reduce greenhouse gas emissions by 80% by 2050, compared to 1990 levels. This target is based on the principle of equity and fairness, as it takes into account the historical responsibility of developed countries for causing climate change. The Act also includes provisions for regular reporting and review of progress towards the target, as well as mechanisms for involving stakeholders and ensuring transparency and accountability.

How can we ensure that climate justice considerations are taken into account in international climate negotiations?
One way to ensure that climate justice considerations are taken into account in international climate negotiations is to include them as a key principle in the negotiations. This could be done through the inclusion of a specific reference to climate justice in the negotiating text, or through the establishment of a","Answer: Methane is a potent greenhouse gas that traps heat in the atmosphere, contributing to global warming and climate change.  Exercise 3: What is the role of carbon dioxide in climate warming?  Answer: Carbon dioxide is a greenhouse gas that traps heat in the atmosphere, contributing to global warming and climate change.  Exercise 4: What is the role of water vapor in climate warming?  Answer: Water vapor is a greenhouse gas that traps heat in the"
How does climate change impact the hydrological cycle?,0.9,"Explain this for a novice audiencehow do governments engage indigenous communities in climate planning?
The first step is to engage with indigenous communities and listen to their concerns and priorities. This can be done through community meetings, consultations, and other forms of engagement. Once the concerns and priorities have been identified, governments can work with indigenous communities to develop climate plans that address these concerns and priorities. This can involve developing policies and programs that support sustainable development, protecting natural resources, and promoting cultural heritage.

What are some examples of successful climate planning initiatives that have engaged indigenous communities?
One example is the United Nations Declaration on the Rights of Indigenous Peoples, which recognizes the rights of indigenous peoples to self-determination, cultural identity, and participation in decision-making processes. Another example is the Indigenous Peoples' Climate Change Assessment, which was developed by indigenous communities in Canada to assess the impacts of climate change on their communities and develop strategies to address these impacts.

How can governments ensure that indigenous communities are","Answer: Climate change can disrupt the hydrological cycle by altering precipitation patterns, increasing evaporation rates, and intensifying extreme weather events such as droughts and floods.  Exercise 4: How can individuals contribute to water conservation? Answer: Individuals can contribute to water conservation by practicing responsible water usage, fixing leaks, using water-efficient appliances, and supporting initiatives that promote sustainable water management.  Exercise 5: Give an example of how the hydrological cycle"
What are tipping points in the climate system?,0.9,"Explain this for a novice audiencewhat mechanisms exist to hold governments accountable for emissions reductions?
The Kyoto Protocol is the first international agreement to set binding targets for reducing greenhouse gas emissions. It was adopted in 1997 and entered into force in 2005. The Protocol sets binding targets for developed countries to reduce their emissions by an average of 5% below 1990 levels by 2008-2012. It also includes provisions for developing countries to participate in emissions trading and for financial assistance to help them transition to low-carbon economies.
The Paris Agreement is the latest international agreement to address climate change. It was adopted in 2015 and entered into force in 2016. The Paris Agreement sets a goal of limiting global warming to well below 2 degrees Celsius above pre-industrial levels and pursuing efforts to limit the temperature increase to 1.5 degrees Celsius. It also includes provisions for countries to regularly report on their emissions and progress towards their targets, and for financial assistance to help developing countries transition to low-carbon economies.
There are several","Answer: Tipping points are thresholds in the climate system that, once crossed, can lead to abrupt and irreversible changes in the Earth's climate.  Exercise 2: What are some examples of tipping points in the climate system? Answer: Some examples of tipping points in the climate system include the melting of the Greenland ice sheet, the collapse of the West Antarctic ice sheet, and the release of methane from thawing permafrost.  Exercise 3: Why is it"
What evidence supports the current understanding of climate change?,0.9,"Explain this for a novice audiencewhat role do state and provincial governments play in climate action?
The federal government is responsible for setting national climate targets and policies, but provinces and territories have a lot of power to implement those policies. For example, they can set their own renewable energy targets, or create incentives for businesses to reduce their carbon emissions.
What are some of the biggest challenges facing climate action in Canada?
One of the biggest challenges is getting everyone on board. There are still a lot of people who don't believe in climate change, or who think it's not a big deal. Another challenge is finding ways to reduce emissions without hurting the economy.
What are some of the most promising solutions to climate change?
There are a lot of promising solutions, but one of the most important is transitioning to renewable energy sources like wind and solar power. Another promising solution is improving energy efficiency, so we use less energy overall.
What are some of the most important things that individuals","Answer: Yes, the evidence presented in the book supports the current understanding of climate change.  4. What did the authors believe when they wrote the book? Answer: The authors believed that the evidence presented in the book supports the current understanding of climate change.  Topic: Science  Exercise on Climate Change with The Hockey Stick and the Climate Wars as argument:  Climate change is a topic that has been heavily debated in the scientific community. In the book The Hockey"
How does population growth influence emissions trends?,0.9,"Explain this for a novice audiencehow do local governments implement climate justice initiatives?
A: Local governments are the ones who make decisions about how to use the land and resources in their area. They can create policies and programs that help reduce pollution and protect the environment. For example, they can encourage people to use public transportation instead of driving cars, or they can create laws to limit the amount of pollution that factories can release into the air. By doing these things, local governments can help make their communities healthier and more sustainable.

Q: What are some examples of climate justice initiatives that local governments have implemented?
A: There are many examples of climate justice initiatives that local governments have implemented. One example is the creation of bike lanes and pedestrian-friendly streets to encourage people to walk or bike instead of driving. Another example is the installation of solar panels on public buildings to generate clean energy. Local governments can also create programs to educate people about the importance of recycling and reducing waste. These","Answer: Population growth can influence emissions trends by increasing the overall demand for energy and resources, leading to higher emissions. However, it can also drive innovation and the adoption of cleaner technologies as societies strive to meet the needs of a growing population.  Exercise 5: How can individuals contribute to reducing greenhouse gas emissions? Answer: Individuals can contribute to reducing greenhouse gas emissions by adopting sustainable practices such as conserving energy, using public transportation or carpooling, recycling, and supporting renewable energy"
What role does biodiversity play in maintaining climate stability?,0.9,"Explain this for a novice audiencewhat is the impact of municipal climate action plans on communities?
The impact of municipal climate action plans on communities is significant. These plans provide a roadmap for reducing greenhouse gas emissions and adapting to the impacts of climate change. They also help to create jobs and stimulate economic growth by promoting clean energy and sustainable development.

What is the role of the municipal climate action plan in reducing greenhouse gas emissions?
The municipal climate action plan plays a critical role in reducing greenhouse gas emissions. It sets targets for reducing emissions and outlines strategies for achieving those targets. It also provides guidance on how to implement these strategies, such as promoting energy efficiency and renewable energy.

What is the role of the municipal climate action plan in adapting to the impacts of climate change?
The municipal climate action plan also plays a critical role in adapting to the impacts of climate change. It identifies the risks and vulnerabilities of the community and outlines strategies for reducing those risks. For example, it may","Answer: Biodiversity plays a crucial role in maintaining climate stability. Forests, for example, act as carbon sinks, absorbing and storing large amounts of carbon dioxide, a greenhouse gas responsible for global warming. Additionally, diverse ecosystems are more resilient to climate change impacts, such as extreme weather events and rising temperatures.  Exercise 5: How can individuals contribute to biodiversity conservation in their daily lives? Answer: Individuals can contribute to biodiversity conservation by making sustainable choices in their daily lives."
How does deforestation contribute to global emissions?,0.9,"Explain this for a novice audiencehow do city councils promote environmental equity and resilience?

Solution:
City councils can promote environmental equity and resilience by implementing policies and programs that address the needs of marginalized communities. This can include initiatives to reduce pollution and improve air quality, access to green spaces and parks, and affordable housing options. City councils can also work with community organizations and residents to identify and address environmental hazards and promote sustainable practices. By prioritizing the needs of all residents, city councils can create a more equitable and resilient community.

Follow-up Exercise 2:
What are some examples of policies and programs that city councils can implement to promote environmental equity and resilience?

Solution:
City councils can implement a variety of policies and programs to promote environmental equity and resilience, including:

1. Green infrastructure: This includes initiatives to increase the number of green spaces and parks in urban areas, as well as the use of green roofs and walls to reduce the urban heat island","Answer: Deforestation contributes to global emissions by releasing large amounts of carbon dioxide into the atmosphere. Trees absorb carbon dioxide during photosynthesis, so when they are cut down or burned, the stored carbon is released back into the air. This contributes to the greenhouse effect and climate change.  Exercise 3: How can individuals reduce their carbon footprint? Answer: Individuals can reduce their carbon footprint by making small changes in their daily lives. This can include using public transportation or carpooling instead"
What are nature-based solutions to climate change?,0.9,"Explain this for a novice audiencewhat are examples of local climate adaptation programs for marginalized populations?
The first step is to identify the needs of the community. This can be done through surveys, focus groups, and other forms of community engagement. Once the needs have been identified, the next step is to develop a plan for addressing them. This may involve working with local organizations, government agencies, and other stakeholders to develop programs and initiatives that are tailored to the specific needs of the community.
One example of a local climate adaptation program for marginalized populations is the Community Resilience Program in New Orleans. This program was developed in response to the devastating impact of Hurricane Katrina on the city's low-income and minority communities. The program provides funding and technical assistance to community organizations to help them develop and implement resilience strategies, such as flood protection, energy efficiency, and community-based disaster preparedness.
Another example is the Climate Justice Alliance, a national network of grassroots organizations that work to address the","Answer: Nature-based solutions to climate change involve using natural processes and ecosystems to mitigate and adapt to the impacts of climate change. Examples include reforestation, wetland restoration, and sustainable agriculture practices.  Exercise 4: How can individuals contribute to climate change mitigation? Answer: Individuals can contribute to climate change mitigation by reducing their carbon footprint through actions such as conserving energy, using public transportation, recycling, and supporting renewable energy sources.  Exercise 5: What is the"
How do droughts and floods connect to climate variability?,0.9,"Explain this for a novice audiencehow do regional planning authorities integrate climate justice in zoning and land use?

Solution:
Regional planning authorities can integrate climate justice in zoning and land use by considering the needs and vulnerabilities of different communities. They can prioritize the development of affordable housing in areas that are less prone to climate-related risks, such as flooding or extreme heat. They can also ensure that green spaces and parks are accessible to all residents, regardless of their socioeconomic status. Additionally, regional planning authorities can work with community organizations and stakeholders to gather input and ensure that the planning process is inclusive and equitable.

Follow-up exercise 2:
What are some potential challenges that regional planning authorities may face when integrating climate justice in zoning and land use?

Solution:
Some potential challenges that regional planning authorities may face when integrating climate justice in zoning and land use include resistance from developers or property owners who may not want to comply with new regulations, limited funding or resources to implement climate","Answer: Droughts and floods are both extreme weather events that can be influenced by climate variability. Climate variability refers to long-term changes in weather patterns, such as shifts in temperature and precipitation. These changes can lead to more frequent and intense droughts or floods in certain regions.  Question: Can you give an example of how climate variability affects droughts and floods? Answer: Sure! Let's say there is a region that typically receives a certain amount of rainfall each"
How do ecosystems recover after extreme climate events?,0.9,"Explain this for a novice audiencewhat role do local environmental agencies play in monitoring emissions?
A: Local environmental agencies are responsible for monitoring emissions in their respective areas. They collect data on air quality, measure pollutant levels, and assess the impact of emissions on the environment and public health. This information helps them identify areas of concern and develop strategies to reduce pollution.

What are some examples of local environmental agencies?
A: Examples of local environmental agencies include the Environmental Protection Agency (EPA), state environmental departments, and local air quality management districts. These agencies work together to enforce environmental regulations and ensure compliance with emission standards.

How do local environmental agencies enforce emission standards?
A: Local environmental agencies enforce emission standards through a combination of monitoring, inspections, and penalties. They regularly monitor emissions from various sources, such as factories, power plants, and vehicles, to ensure compliance with regulations. If violations are detected, they may issue fines or other penalties to encourage compliance.","Answer: Ecosystems can recover after extreme climate events through natural processes such as succession, where new species colonize the area and gradually restore the ecosystem's structure and function. Human interventions, such as habitat restoration and conservation efforts, can also aid in the recovery process.  Exercise 5: How can individuals contribute to mitigating the impacts of climate change on ecosystems? Answer: Individuals can contribute to mitigating the impacts of climate change on ecosystems by reducing their carbon footprint through actions such as conserv"
What is the significance of the UK Climate Change Act 2008?,0.9,"Explain this for a novice audiencehow do subnational governments participate in national climate reporting?
The national climate reporting system is a national system that is managed by the federal government. It is a system that is designed to collect data from subnational governments and other stakeholders. The data is then used to create a national climate report.
The national climate reporting system is a national system that is managed by the federal government. It is a system that is designed to collect data from subnational governments and other stakeholders. The data is then used to create a national climate report.
The national climate reporting system is a national system that is managed by the federal government. It is a system that is designed to collect data from subnational governments and other stakeholders. The data is then used to create a national climate report.
The national climate reporting system is a national system that is managed by the federal government. It is a system that is designed to collect data from subnational governments and other stakeholders. The data",Answer: The uk climate change act 2008 is significant because it is the first act of its kind in the world and sets a precedent for other countries to follow in addressing climate change.  Exercise 2: What is the purpose of the uk climate change act 2008? Answer: The purpose of the uk climate change act 2008 is to reduce greenhouse gas emissions and mitigate the effects of climate change in the UK.  Exercise 3: How does the uk climate change
How does the UK 2030 target compare to global goals?,0.9,"Explain this for a novice audiencehow is community participation ensured in local climate decision-making?
The first step is to identify the people who are most affected by climate change and who have the most to gain from climate action. This includes women, youth, indigenous peoples, and other marginalized groups. Once these groups have been identified, they should be involved in the decision-making process from the beginning. This means that they should have a say in what actions are taken and how they are implemented.
The second step is to provide these groups with the information and resources they need to participate effectively. This includes training on climate change and its impacts, as well as access to information about climate policies and programs. It also means providing them with the tools they need to advocate for their interests, such as access to media and communication channels.
The third step is to ensure that these groups are represented in decision-making bodies at all levels. This means that they should have a seat at the table when","The uk 2030 target is in line with the global goals. The global goals are a set of 17 goals that were adopted by the United Nations in 2015. The goals are designed to end poverty, protect the planet, and ensure that all people enjoy peace and prosperity. The uk 2030 target is one of the goals that the UK has committed to achieving. The target is to reduce greenhouse gas emissions by 80% by 2050. This is in line with the global goal of limiting global warming to"
How does wind energy contribute to emission reduction goals?,0.9,"Explain this for a novice audiencewhat mechanisms hold local authorities accountable for environmental outcomes?
The first mechanism is the legal framework. Local authorities are required to comply with the Environmental Protection Act 1990 and the Environmental Permitting Regulations 2010. These require them to take steps to prevent and control pollution and to protect the environment.
The second mechanism is the planning system. Local authorities have a duty to ensure that development is sustainable and does not harm the environment. They must consider the environmental impact of proposed developments and take steps to mitigate any negative effects.
The third mechanism is public participation. Local authorities are required to consult with the public and take their views into account when making decisions that affect the environment. This helps to ensure that the interests of the community are taken into account and that decisions are made in a transparent and accountable manner.
The fourth mechanism is monitoring and enforcement. Local authorities are responsible for monitoring the environment and enforcing environmental regulations. They have the power to take action against individuals or businesses that are","Solution to Follow-up Exercise 3: Wind energy contributes to emission reduction goals by replacing fossil fuel-based electricity generation, which is a significant source of greenhouse gas emissions. When wind turbines generate electricity, they do not emit any greenhouse gases, such as carbon dioxide (CO2), methane (CH4), or nitrous oxide (N2O). By increasing the share of wind energy in the electricity mix, countries can reduce their reliance on fossil fuels and decrease their overall greenhouse gas emissions"