question,rougeL,bert_f1,response_length
How do droughts and floods connect to climate variability?,,,
How do ecosystems recover after extreme climate events?,,,
How do human activities disrupt the carbon cycle?,,,
How do volcanic eruptions influence global climate patterns?,,,
How does climate change impact the hydrological cycle?,,,
How does climate differ from weather in scientific terms?,,,
How does deforestation contribute to global emissions?,,,
How does population growth influence emissions trends?,,,
How does the UK 2030 target compare to global goals?,,,
How does wind energy contribute to emission reduction goals?,,,
How is climate change communicated to the public effectively?,,,
How is climate change connected to public health?,,,
What are nature-based solutions to climate change?,,,
What are the main drivers of anthropogenic climate change?,,,
What are tipping points in the climate system?,,,
"What does ""net-zero by 2050"" mean in policy terms?",,,
What evidence supports the current understanding of climate change?,,,
What is a carbon footprint and how can it be reduced?,,,
What is climate change and why is it important?,,,
What is climate inertia and how does it affect long-term projections?,,,
What is sustainability and why does it matter?,,,
What is the role of clouds in climate regulation?,,,
What is the role of methane in climate warming?,,,
What is the role of oceans in regulating climate systems?,,,
What is the role of the UNFCCC in climate governance?,,,
What is the significance of the 1.5°C global warming threshold?,,,
What is the significance of the UK Climate Change Act 2008?,,,
What role does biodiversity play in maintaining climate stability?,,,
Why is climate literacy important for citizens and policymakers?,,,
Why is the concept of ecological balance important in climate discussions?,,,
